{"stats":{"minecraft:picked_up":{"minecraft:wheat_seeds":1,"minecraft:dirt":11},"minecraft:mined":{"minecraft:grass":4,"minecraft:grass_block":11},"minecraft:custom":{"minecraft:jump":10,"minecraft:time_since_rest":2187,"minecraft:leave_game":1,"minecraft:crouch_one_cm":491,"minecraft:sprint_one_cm":648,"minecraft:play_time":2187,"minecraft:time_since_death":2187,"minecraft:walk_one_cm":2124,"minecraft:sneak_time":182,"minecraft:total_world_time":2187,"minecraft:fly_one_cm":1050}},"DataVersion":3465}