{"stats":{"minecraft:picked_up":{"minecraft:wheat_seeds":1,"minecraft:dirt":17},"minecraft:mined":{"minecraft:grass":4,"minecraft:grass_block":17},"minecraft:custom":{"minecraft:jump":12,"minecraft:time_since_rest":4542,"minecraft:play_time":4542,"minecraft:crouch_one_cm":510,"minecraft:leave_game":2,"minecraft:sprint_one_cm":648,"minecraft:time_since_death":4542,"minecraft:walk_one_cm":2591,"minecraft:sneak_time":317,"minecraft:total_world_time":4542,"minecraft:fly_one_cm":30495},"minecraft:used":{"minecraft:redstone_torch":3,"minecraft:tnt":34}},"DataVersion":3465}