{
  "minecraft:recipes/decorations/crafting_table": {
    "criteria": {
      "unlock_right_away": "2024-07-23 05:56:59 +0000"
    },
    "done": true
  },
  "minecraft:adventure/adventuring_time": {
    "criteria": {
      "minecraft:forest": "2024-07-23 05:57:43 +0000",
      "minecraft:ocean": "2024-07-31 04:29:29 +0000",
      "minecraft:plains": "2024-07-23 05:57:00 +0000"
    },
    "done": false
  },
  "minecraft:recipes/redstone/repeater": {
    "criteria": {
      "has_redstone_torch": "2024-07-31 04:28:34 +0000"
    },
    "done": true
  },
  "DataVersion": 3465
}